{
  "Search Page HTTP Request" : {
    "transaction" : "Search Page HTTP Request",
    "sampleCount" : 10,
    "errorCount" : 0,
    "errorPct" : 0.0,
    "meanResTime" : 613.3,
    "medianResTime" : 429.5,
    "minResTime" : 173.0,
    "maxResTime" : 1428.0,
    "pct1ResTime" : 1427.9,
    "pct2ResTime" : 1428.0,
    "pct3ResTime" : 1428.0,
    "throughput" : 0.3654570039834813,
    "receivedKBytesPerSec" : 64.32071821437708,
    "sentKBytesPerSec" : 0.053890632423345394
  },
  "Total" : {
    "transaction" : "Total",
    "sampleCount" : 50,
    "errorCount" : 0,
    "errorPct" : 0.0,
    "meanResTime" : 755.1400000000001,
    "medianResTime" : 702.5,
    "minResTime" : 21.0,
    "maxResTime" : 2143.0,
    "pct1ResTime" : 1643.9999999999995,
    "pct2ResTime" : 1987.099999999999,
    "pct3ResTime" : 2143.0,
    "throughput" : 1.7103957855847842,
    "receivedKBytesPerSec" : 247.21389220871959,
    "sentKBytesPerSec" : 0.31702453135155473
  },
  "ClickProductHTTP Request" : {
    "transaction" : "ClickProductHTTP Request",
    "sampleCount" : 10,
    "errorCount" : 0,
    "errorPct" : 0.0,
    "meanResTime" : 1064.4,
    "medianResTime" : 879.0,
    "minResTime" : 561.0,
    "maxResTime" : 2143.0,
    "pct1ResTime" : 2116.7000000000003,
    "pct2ResTime" : 2143.0,
    "pct3ResTime" : 2143.0,
    "throughput" : 0.36193854283542654,
    "receivedKBytesPerSec" : 60.83688532655905,
    "sentKBytesPerSec" : 0.11946799558434977
  },
  "ClickProductHTTP Request-0" : {
    "transaction" : "ClickProductHTTP Request-0",
    "sampleCount" : 10,
    "errorCount" : 0,
    "errorPct" : 0.0,
    "meanResTime" : 46.599999999999994,
    "medianResTime" : 48.0,
    "minResTime" : 21.0,
    "maxResTime" : 73.0,
    "pct1ResTime" : 72.9,
    "pct2ResTime" : 73.0,
    "pct3ResTime" : 73.0,
    "throughput" : 0.3693580556991948,
    "receivedKBytesPerSec" : 0.23943347399719286,
    "sentKBytesPerSec" : 0.051940976582699264
  },
  "ClickProductHTTP Request-1" : {
    "transaction" : "ClickProductHTTP Request-1",
    "sampleCount" : 10,
    "errorCount" : 0,
    "errorPct" : 0.0,
    "meanResTime" : 1015.5,
    "medianResTime" : 809.5,
    "minResTime" : 538.0,
    "maxResTime" : 2118.0,
    "pct1ResTime" : 2087.0,
    "pct2ResTime" : 2118.0,
    "pct3ResTime" : 2118.0,
    "throughput" : 0.3622925874936599,
    "receivedKBytesPerSec" : 60.66154201914716,
    "sentKBytesPerSec" : 0.06863746286500978
  },
  "Home Page HTTP Request" : {
    "transaction" : "Home Page HTTP Request",
    "sampleCount" : 10,
    "errorCount" : 0,
    "errorPct" : 0.0,
    "meanResTime" : 1035.9,
    "medianResTime" : 1077.0,
    "minResTime" : 367.0,
    "maxResTime" : 1668.0,
    "pct1ResTime" : 1633.8000000000002,
    "pct2ResTime" : 1668.0,
    "pct3ResTime" : 1668.0,
    "throughput" : 0.35511363636363635,
    "receivedKBytesPerSec" : 74.75395202636719,
    "sentKBytesPerSec" : 0.04230846058238636
  }
}